rgn_id,rgn_name,Year,Xao
1,ALGARROBO,2017,51.95225503
1,ALGARROBO,2018,44.68826233
1,ALGARROBO,2019,22.1040715
1,ALGARROBO,2020,28.24013115
1,ALGARROBO,2021,28.1654941
2,ANCUD,2017,42.25716293
2,ANCUD,2018,7.040112922
2,ANCUD,2019,21.60550229
2,ANCUD,2020,32.04470119
2,ANCUD,2021,15.82060095
3,ANTOFAGASTA,2017,44.29168685
3,ANTOFAGASTA,2018,23.91163633
3,ANTOFAGASTA,2019,12.7794413
3,ANTOFAGASTA,2020,22.70000863
3,ANTOFAGASTA,2021,16.12047665
4,ARAUCO,2017,24.54213419
4,ARAUCO,2018,39.75966309
4,ARAUCO,2019,21.41151738
4,ARAUCO,2020,30.03081903
4,ARAUCO,2021,17.00163949
5,ARICA,2017,5.409173784
5,ARICA,2018,34.09030455
5,ARICA,2019,12.95040803
5,ARICA,2020,30.97722162
5,ARICA,2021,43.86529031
6,AYSEN,2017,43.90439036
6,AYSEN,2018,4.64766522
6,AYSEN,2019,22.53453733
6,AYSEN,2020,25.5305569
6,AYSEN,2021,37.44238406
7,CABO DE HORNOS,2017,49.94804346
7,CABO DE HORNOS,2018,53.48313428
7,CABO DE HORNOS,2019,38.81257577
7,CABO DE HORNOS,2020,56.82023634
7,CABO DE HORNOS,2021,31.94550482
8,CALBUCO,2017,44.12292809
8,CALBUCO,2018,7.764886734
8,CALBUCO,2019,16.70816155
8,CALBUCO,2020,29.49724012
8,CALBUCO,2021,34.20298251
9,CALDERA,2017,39.18737026
9,CALDERA,2018,18.75556141
9,CALDERA,2019,7.261926741
9,CALDERA,2020,17.66601741
9,CALDERA,2021,24.8836558
10,CAMARONES,2017,23.59413998
10,CAMARONES,2018,12.0530351
10,CAMARONES,2019,48.39609547
10,CAMARONES,2020,54.15741135
10,CAMARONES,2021,27.41169331
11,CANELA,2017,53.02367747
11,CANELA,2018,22.51294979
11,CANELA,2019,20.41119402
11,CANELA,2020,51.77241327
11,CANELA,2021,45.59360631
12,CANETE,2017,40.43039346
12,CANETE,2018,0.052769128
12,CANETE,2019,23.92981035
12,CANETE,2020,0.347269911
12,CANETE,2021,33.95413483
13,CARAHUE,2017,40.65373706
13,CARAHUE,2018,28.01254972
13,CARAHUE,2019,41.10145447
13,CARAHUE,2020,25.76149421
13,CARAHUE,2021,9.441468262
14,CARTAGENA,2017,57.64811938
14,CARTAGENA,2018,7.558044046
14,CARTAGENA,2019,4.194269697
14,CARTAGENA,2020,5.024688688
14,CARTAGENA,2021,8.173540563
15,CASABLANCA,2017,53.72147029
15,CASABLANCA,2018,23.89846575
15,CASABLANCA,2019,12.49067868
15,CASABLANCA,2020,36.04526509
15,CASABLANCA,2021,33.79467604
16,CASTRO,2017,21.86600911
16,CASTRO,2018,40.59676844
16,CASTRO,2019,28.61420426
16,CASTRO,2020,18.65442028
16,CASTRO,2021,48.08240028
17,CHAITEN,2017,41.0807094
17,CHAITEN,2018,33.17585482
17,CHAITEN,2019,25.53232375
17,CHAITEN,2020,32.59731442
17,CHAITEN,2021,4.00503997
18,CHANARAL,2017,45.5573283
18,CHANARAL,2018,20.19333012
18,CHANARAL,2019,15.80378218
18,CHANARAL,2020,20.94342145
18,CHANARAL,2021,14.15982765
19,CHANCO,2017,39.7483557
19,CHANCO,2018,43.09857052
19,CHANCO,2019,13.68371262
19,CHANCO,2020,40.30234551
19,CHANCO,2021,22.57858797
20,CHONCHI,2017,50.45984957
20,CHONCHI,2018,43.26137982
20,CHONCHI,2019,46.40849509
20,CHONCHI,2020,28.57459126
20,CHONCHI,2021,36.9338715
21,CISNES,2017,9.069556556
21,CISNES,2018,15.20988435
21,CISNES,2019,32.64260155
21,CISNES,2020,53.75949911
21,CISNES,2021,28.72829237
22,COBQUECURA,2017,32.36593806
22,COBQUECURA,2018,40.18607419
22,COBQUECURA,2019,57.93168046
22,COBQUECURA,2020,33.70148682
22,COBQUECURA,2021,16.49453777
23,COCHAMO,2017,50.608067
23,COCHAMO,2018,22.70974521
23,COCHAMO,2019,29.99171375
23,COCHAMO,2020,26.17758517
23,COCHAMO,2021,23.1599822
24,COELEMU,2017,7.705650908
24,COELEMU,2018,9.981876002
24,COELEMU,2019,24.97367136
24,COELEMU,2020,30.02126888
24,COELEMU,2021,41.27174613
25,CONCON,2017,61.41895995
25,CONCON,2018,19.85517926
25,CONCON,2019,35.40594023
25,CONCON,2020,45.31505274
25,CONCON,2021,28.88557469
26,CONSTITUCION,2017,9.597803986
26,CONSTITUCION,2018,39.59891805
26,CONSTITUCION,2019,15.27233808
26,CONSTITUCION,2020,23.12318539
26,CONSTITUCION,2021,19.97144306
27,COPIAPO,NA,NA
28,COQUIMBO,2017,32.07086615
28,COQUIMBO,2018,2.997368329
28,COQUIMBO,2019,25.14112605
28,COQUIMBO,2020,30.68528652
28,COQUIMBO,2021,39.85260314
29,CORONEL,2017,18.5479027
29,CORONEL,2018,3.451096751
29,CORONEL,2019,35.75373556
29,CORONEL,2020,31.24768633
29,CORONEL,2021,43.10725694
30,CORRAL,2017,12.92406843
30,CORRAL,2018,2.977331173
30,CORRAL,2019,38.05977315
30,CORRAL,2020,13.95130314
30,CORRAL,2021,29.94508256
31,CURACO DE VELEZ,2017,46.30273557
31,CURACO DE VELEZ,2018,47.91791307
31,CURACO DE VELEZ,2019,47.67592563
31,CURACO DE VELEZ,2020,33.11994294
31,CURACO DE VELEZ,2021,6.12673922
32,CUREPTO,2017,58.01399488
32,CUREPTO,2018,34.73249968
32,CUREPTO,2019,31.68113298
32,CUREPTO,2021,28.32515992
33,DALCAHUE,2017,51.35272667
33,DALCAHUE,2018,37.91668628
33,DALCAHUE,2019,52.29048906
33,DALCAHUE,2020,32.68259635
33,DALCAHUE,2021,22.78954784
34,EL QUISCO,2017,25.73484022
34,EL QUISCO,2018,42.25717035
34,EL QUISCO,2019,12.48277953
34,EL QUISCO,2020,31.42840818
34,EL QUISCO,2021,18.93432976
35,EL TABO,2017,30.51317466
35,EL TABO,2018,40.14881564
35,EL TABO,2019,15.33674561
35,EL TABO,2020,18.70773922
35,EL TABO,2021,7.888134825
36,FREIRINA,2017,48.13441075
36,FREIRINA,2018,49.80600976
36,FREIRINA,2019,57.61993089
36,FREIRINA,2020,39.49381092
36,FREIRINA,2021,17.03467316
37,FRESIA,2017,21.22547939
37,FRESIA,2018,33.33333333
37,FRESIA,2019,5.951068988
37,FRESIA,2020,0
38,GUAITECAS,2017,14.98740414
38,GUAITECAS,2018,12.70674197
38,GUAITECAS,2019,36.38191261
38,GUAITECAS,2020,42.45185967
38,GUAITECAS,2021,43.43457986
39,HUALAIHUE,2017,39.06174407
39,HUALAIHUE,2018,39.44246047
39,HUALAIHUE,2019,34.3185332
39,HUALAIHUE,2020,15.07989968
39,HUALAIHUE,2021,39.27255008
40,HUALPEN,2017,52.15648663
40,HUALPEN,2018,46.16968742
40,HUALPEN,2019,61.52514154
40,HUALPEN,2020,32.34912604
40,HUALPEN,2021,36.41015569
41,HUARA,2017,60.6895926
41,HUARA,2018,33.61312421
41,HUARA,2019,41.58095192
41,HUARA,2020,62.28257394
41,HUARA,2021,56.44596312
42,HUASCO,2017,52.80385683
42,HUASCO,2018,39.10932886
42,HUASCO,2019,19.43856294
42,HUASCO,2020,25.96119415
42,HUASCO,2021,26.35129892
43,IQUIQUE,2017,14.95401875
43,IQUIQUE,2018,8.603328303
43,IQUIQUE,2019,19.67654452
43,IQUIQUE,2020,23.23724841
43,IQUIQUE,2021,44.55958131
44,LA HIGUERA,2017,43.90113597
44,LA HIGUERA,2018,10.44766507
44,LA HIGUERA,2019,42.25803915
44,LA HIGUERA,2020,24.56930255
44,LA HIGUERA,2021,44.36297812
45,LA LIGUA,2017,43.47802271
45,LA LIGUA,2018,43.02332774
45,LA LIGUA,2019,48.99678145
45,LA LIGUA,2020,32.59041959
45,LA LIGUA,2021,12.75816145
46,LA SERENA,2017,9.468183634
46,LA SERENA,2018,5.20973411
46,LA SERENA,2019,38.28919349
46,LA SERENA,2020,4.005734514
46,LA SERENA,2021,4.875451239
47,LA UNION,2018,2.87275566
47,LA UNION,2019,4.574551132
47,LA UNION,2020,0
47,LA UNION,2021,33.33333333
48,LAGUNA BLANCA,NA,NA
49,LEBU,2017,33.06315308
49,LEBU,2018,40.85965379
49,LEBU,2019,15.72489546
49,LEBU,2020,43.19868902
49,LEBU,2021,37.12037616
50,LICANTEN,2017,13.58060986
50,LICANTEN,2018,28.57376269
50,LICANTEN,2019,38.54784638
50,LICANTEN,2020,66.47297051
50,LICANTEN,2021,63.33150928
51,LITUECHE,2017,46.47537908
51,LITUECHE,2018,17.73304247
51,LITUECHE,2019,18.64287301
51,LITUECHE,2020,26.84935259
51,LITUECHE,2021,8.213560281
52,LOS ALAMOS,NA,NA
53,LOS MUERMOS,2017,26.69433181
53,LOS MUERMOS,2018,36.49718318
53,LOS MUERMOS,2019,28.64792983
53,LOS MUERMOS,2020,34.30219215
53,LOS MUERMOS,2021,54.09730774
54,LOS VILOS,2017,43.01776432
54,LOS VILOS,2018,29.89075648
54,LOS VILOS,2019,12.99453357
54,LOS VILOS,2020,42.00256575
54,LOS VILOS,2021,27.28850639
55,LOTA,2017,30.47982964
55,LOTA,2018,5.587002048
55,LOTA,2019,29.51224764
55,LOTA,2020,28.98962098
55,LOTA,2021,44.84278473
56,MARIQUINA,2017,5.006928882
56,MARIQUINA,2018,39.5945414
56,MARIQUINA,2019,32.39504327
56,MARIQUINA,2020,19.64715099
56,MARIQUINA,2021,29.33395218
57,MAULLIN,2017,10.57478929
57,MAULLIN,2018,23.69086922
57,MAULLIN,2019,40.04355384
57,MAULLIN,2020,21.92705147
57,MAULLIN,2021,5.317411011
58,MEJILLONES,2017,37.87086977
58,MEJILLONES,2018,22.13575425
58,MEJILLONES,2019,16.97690566
58,MEJILLONES,2020,37.89903757
58,MEJILLONES,2021,50.20372226
59,NATALES,2017,61.39781649
59,NATALES,2018,57.48825854
59,NATALES,2019,55.4630267
59,NATALES,2020,64.6154435
59,NATALES,2021,28.29362641
60,NAVIDAD,2017,47.87193187
60,NAVIDAD,2018,35.277833
60,NAVIDAD,2019,28.11077651
60,NAVIDAD,2020,13.40580619
60,NAVIDAD,2021,9.138602828
61,OVALLE,2017,49.37010106
61,OVALLE,2018,22.77953409
61,OVALLE,2019,25.59132658
61,OVALLE,2020,24.89173098
61,OVALLE,2021,27.563195
62,PAPUDO,2017,42.22484838
62,PAPUDO,2018,19.69886316
62,PAPUDO,2019,7.479588841
62,PAPUDO,2020,33.27164275
62,PAPUDO,2021,25.24764014
63,PAREDONES,2017,55.6567565
63,PAREDONES,2018,28.90622104
63,PAREDONES,2019,19.49030193
63,PAREDONES,2020,46.68643865
63,PAREDONES,2021,40.1702739
64,PELLUHUE,2017,19.36343177
64,PELLUHUE,2018,43.37429041
64,PELLUHUE,2019,31.30906162
64,PELLUHUE,2020,38.03552403
64,PELLUHUE,2021,31.71831699
65,PENCO,2017,38.50860759
65,PENCO,2018,11.89587606
65,PENCO,2019,45.65002382
65,PENCO,2020,19.61843477
65,PENCO,2021,9.890805653
66,PICHILEMU,2017,42.76491318
66,PICHILEMU,2018,40.11297149
66,PICHILEMU,2019,8.696153471
66,PICHILEMU,2020,19.34283885
66,PICHILEMU,2021,26.6152281
67,PORVENIR,2017,81.41068253
67,PORVENIR,2018,28.86464648
67,PORVENIR,2019,60.72453204
67,PORVENIR,2020,53.33195284
67,PORVENIR,2021,43.44101971
68,PRIMAVERA,NA,NA
69,PUCHUNCAVI,2017,43.02230512
69,PUCHUNCAVI,2018,37.01605262
69,PUCHUNCAVI,2019,12.89775664
69,PUCHUNCAVI,2020,47.88717827
69,PUCHUNCAVI,2021,23.21974268
70,PUERTO MONTT,2017,45.94050415
70,PUERTO MONTT,2018,22.31524726
70,PUERTO MONTT,2019,19.36171313
70,PUERTO MONTT,2020,25.48470631
70,PUERTO MONTT,2021,12.82621209
71,PUERTO VARAS,2017,51.05727991
71,PUERTO VARAS,2018,15.01347665
71,PUERTO VARAS,2019,22.10498152
71,PUERTO VARAS,2020,20.52368394
71,PUERTO VARAS,2021,14.69989052
72,PUNTA ARENAS,2017,55.40848147
72,PUNTA ARENAS,2018,59.52053857
72,PUNTA ARENAS,2019,45.37495518
72,PUNTA ARENAS,2020,51.33170428
72,PUNTA ARENAS,2021,20.58331893
73,PUQUELDON,2017,16.90019939
73,PUQUELDON,2018,17.6208363
73,PUQUELDON,2019,25.18893538
73,PUQUELDON,2020,22.86597163
73,PUQUELDON,2021,38.59725452
74,PURRANQUE,2017,17.42635668
74,PURRANQUE,2018,39.88087785
74,PURRANQUE,2019,16.4200856
74,PURRANQUE,2020,19.30865056
74,PURRANQUE,2021,2.649921249
75,QUEILEN,2017,16.70384879
75,QUEILEN,2018,28.79787807
75,QUEILEN,2019,16.52386539
75,QUEILEN,2020,48.71885488
75,QUEILEN,2021,35.52262114
76,QUELLON,2017,46.00560273
76,QUELLON,2018,18.3565296
76,QUELLON,2019,26.21032026
76,QUELLON,2020,23.09866195
76,QUELLON,2021,9.093925213
77,QUEMCHI,2017,55.8906807
77,QUEMCHI,2018,26.19797106
77,QUEMCHI,2019,47.05419646
77,QUEMCHI,2020,52.46364262
77,QUEMCHI,2021,18.35703647
78,QUINCHAO,2017,64.2709402
78,QUINCHAO,2018,42.65218977
78,QUINCHAO,2019,39.589015
78,QUINCHAO,2020,35.23181822
78,QUINCHAO,2021,22.53065263
79,QUINTERO,2017,53.89109559
79,QUINTERO,2018,20.62582101
79,QUINTERO,2019,23.8349253
79,QUINTERO,2020,29.74064666
79,QUINTERO,2021,27.51795165
80,RIO NEGRO,2017,29.0750226
80,RIO NEGRO,2018,9.460680928
80,RIO NEGRO,2019,0
80,RIO NEGRO,2021,38.92231876
81,RIO VERDE,2017,44.94295065
81,RIO VERDE,2018,50.83312305
81,RIO VERDE,2019,48.97977839
81,RIO VERDE,2020,46.59700043
81,RIO VERDE,2021,29.28733473
82,SAAVEDRA,2017,52.3168853
82,SAAVEDRA,2018,33.68884536
82,SAAVEDRA,2019,19.96956969
82,SAAVEDRA,2020,37.92263884
82,SAAVEDRA,2021,19.8012484
83,SAN ANTONIO,2017,44.16840735
83,SAN ANTONIO,2018,24.23846949
83,SAN ANTONIO,2019,16.13107224
83,SAN ANTONIO,2020,13.74374996
83,SAN ANTONIO,2021,20.48235886
84,SAN GREGORIO,NA,NA
85,SAN JUAN DE LA COSTA,2017,42.26671101
85,SAN JUAN DE LA COSTA,2018,21.16297258
85,SAN JUAN DE LA COSTA,2019,10.25277202
85,SAN JUAN DE LA COSTA,2020,12.80730393
85,SAN JUAN DE LA COSTA,2021,16.13640368
86,SAN PEDRO DE LA PAZ,2017,66.66666667
86,SAN PEDRO DE LA PAZ,2018,0.928460687
86,SAN PEDRO DE LA PAZ,2019,16.19406856
86,SAN PEDRO DE LA PAZ,2020,16.07700561
86,SAN PEDRO DE LA PAZ,2021,19.1881086
87,SANTO DOMINGO,2017,49.59589302
87,SANTO DOMINGO,2018,27.18616374
87,SANTO DOMINGO,2019,14.12971847
87,SANTO DOMINGO,2020,37.75535834
87,SANTO DOMINGO,2021,21.92983464
88,TALCAHUANO,2017,27.59347915
88,TALCAHUANO,2018,13.64378578
88,TALCAHUANO,2019,12.89672878
88,TALCAHUANO,2020,23.82062544
88,TALCAHUANO,2021,43.98629164
89,TALTAL,2017,53.13181538
89,TALTAL,2018,42.06226245
89,TALTAL,2019,45.30019063
89,TALTAL,2020,32.82561722
89,TALTAL,2021,28.40076944
90,TEODORO SCHMIDT,NA,NA
91,TIMAUKEL,NA,NA
92,TIRUA,2017,39.53313371
92,TIRUA,2018,32.09430406
92,TIRUA,2019,14.25452917
92,TIRUA,2020,39.37131291
92,TIRUA,2021,20.8034879
93,TOCOPILLA,2017,50.39527471
93,TOCOPILLA,2018,31.88066316
93,TOCOPILLA,2019,20.05786381
93,TOCOPILLA,2020,35.15768741
93,TOCOPILLA,2021,30.38948223
94,TOLTEN,2017,34.07440173
94,TOLTEN,2018,33.01756097
94,TOLTEN,2019,16.76552527
94,TOLTEN,2020,26.41613884
94,TOLTEN,2021,49.89373694
95,TOME,2017,27.7889343
95,TOME,2018,39.6773456
95,TOME,2019,13.83105473
95,TOME,2020,16.48789789
95,TOME,2021,8.727976189
96,TORRES DEL PAINE,NA,NA
97,TORTEL,2017,16.14809925
97,TORTEL,2018,42.6402399
97,TORTEL,2019,83.16353998
97,TORTEL,2020,0
97,TORTEL,2021,46.18036614
98,TREGUACO,2017,7.952031668
98,TREGUACO,2018,34.05828977
98,TREGUACO,2019,0.367912446
98,TREGUACO,2020,0.374898126
98,TREGUACO,2021,0
99,VALDIVIA,2017,41.77247791
99,VALDIVIA,2018,26.49647582
99,VALDIVIA,2019,15.89245103
99,VALDIVIA,2020,8.795345257
99,VALDIVIA,2021,9.928993969
100,VALPARAISO,2017,43.85199412
100,VALPARAISO,2018,17.52136225
100,VALPARAISO,2019,13.85104473
100,VALPARAISO,2020,19.17779734
100,VALPARAISO,2021,16.94201663
101,VICHUQUEN,2017,41.77407227
101,VICHUQUEN,2018,17.93034058
101,VICHUQUEN,2019,27.08421744
101,VICHUQUEN,2020,65.22771045
101,VICHUQUEN,2021,38.41339214
102,VINA DEL MAR,2017,21.55099414
102,VINA DEL MAR,2018,20.42645344
102,VINA DEL MAR,2019,23.79943083
102,VINA DEL MAR,2020,63.46838757
102,VINA DEL MAR,2021,56.47193477
103,ZAPALLAR,2017,21.35989822
103,ZAPALLAR,2018,38.27511372
103,ZAPALLAR,2019,15.47461768
103,ZAPALLAR,2020,16.53505042
103,ZAPALLAR,2021,16.03654208
